query,coverage,relevance,density,score,decision
高壓滅菌鍋,4.5,4.75,5.0,4.7,✅ 高潛力
高壓蒸氣滅菌器,5.0,4.38,4.33,4.62,✅ 高潛力
滅菌鍋使用方法,4.5,4.46,4.48,4.48,✅ 高潛力
高壓滅菌鍋 溫度,4.5,4.59,4.72,4.58,✅ 高潛力
滅菌鍋 維護保養,4.5,4.02,4.4,4.29,✅ 高潛力
高壓滅菌鍋的工作原理是什麼,4.5,4.55,4.64,4.55,✅ 高潛力
高壓滅菌鍋和傳統滅菌方式的比較,4.5,4.45,4.46,4.47,✅ 高潛力
如何維護高壓滅菌鍋以延長使用壽命,5.0,4.47,4.5,4.69,✅ 高潛力
高壓滅菌鍋常見故障及排查方法,5.0,4.44,4.45,4.67,✅ 高潛力
如何校正高壓滅菌鍋的壓力,4.5,4.31,4.2,4.36,✅ 高潛力
高壓滅菌鍋的使用注意事項有哪些,4.5,4.67,4.86,4.64,✅ 高潛力
市場上有哪些高壓滅菌鍋品牌推薦,5.0,4.37,4.32,4.61,✅ 高潛力
高壓滅菌鍋的配件有哪些需要定期更換,5.0,4.38,4.33,4.62,✅ 高潛力
高壓滅菌鍋的使用手冊在哪裡可以下載,5.0,4.43,4.42,4.66,✅ 高潛力
高壓滅菌鍋的價格範圍大約是多少,5.0,4.02,4.41,4.49,✅ 高潛力
高壓滅菌鍋的替代品有哪些選擇,5.0,4.07,4.49,4.53,✅ 高潛力
如何選擇適合的高壓滅菌鍋型號,5.0,4.42,4.41,4.65,✅ 高潛力
高壓滅菌鍋的清潔與消毒方法,4.5,4.67,4.87,4.64,✅ 高潛力
高壓滅菌鍋的安全操作規範,4.5,4.51,4.57,4.52,✅ 高潛力
高壓滅菌鍋故障顯示燈的含義,4.5,3.86,4.11,4.17,✅ 高潛力
高壓滅菌鍋的滅菌時間應該如何設定,4.5,4.44,4.43,4.46,✅ 高潛力
使用高壓滅菌鍋時如何避免常見錯誤,5.0,4.39,4.35,4.63,✅ 高潛力
高壓滅菌鍋與烘箱滅菌的效果比較,5.0,4.32,4.23,4.57,✅ 高潛力
高壓滅菌鍋的維修服務如何選擇,5.0,4.47,4.5,4.69,✅ 高潛力
高壓滅菌鍋的使用技巧與建議,5.0,4.67,4.86,4.84,✅ 高潛力
